"","state","location","both_sexes_2002","females_2002","males_2002","both_sexes_2003","females_2003","males_2003","both_sexes_2004","females_2004","males_2004","both_sexes_2005","females_2005","males_2005","both_sexes_2006","females_2006","males_2006","both_sexes_2007","females_2007","males_2007","both_sexes_2008","females_2008","males_2008","both_sexes_2009","females_2009","males_2009","both_sexes_2010","females_2010","males_2010","both_sexes_2011","females_2011","males_2011","both_sexes_2012","females_2012","males_2012"
"1","California","Alameda County",60.7,53.3,68.4,61.7,55,68.6,60.4,54.1,67,61.4,55.7,67.4,60.4,55.5,65.5,60.4,55.3,65.8,59.8,54.1,65.6,59.7,54.1,65.5,59.6,54.2,65.2,61,56,66.2,59.8,54.4,65.3
"2","California","Alpine County",44.4,36.3,52.7,46.8,40,53.8,48.1,41.8,54.7,52.6,46.6,58.8,52,48.2,56,54.9,51.1,58.7,57.1,53.4,61,59.3,56,62.7,62.8,60.8,64.8,63.6,62.1,65.1,61.4,59.9,63
"3","California","Amador County",63,58.5,67.7,64.4,60.5,68.5,63.4,59.7,67.3,64.1,60.7,67.5,63.2,60.6,66,63,60,66,62.4,59,65.9,62.1,58.9,65.4,62.7,59.8,65.7,63.6,60.9,66.3,62.4,59.3,65.5
"4","California","Butte County",57.9,50.1,66,59.7,52.6,67.1,58.8,51.6,66.2,58.6,52,65.4,59,53.1,65,59,52.8,65.4,56.7,50.2,63.6,58.4,51.9,65.1,58.7,52.6,65.1,58.9,53,65,58.4,51.8,65.3
"5","California","Calaveras County",65,58.9,71.4,66.1,60.5,71.9,64.7,59.3,70.2,65,60.1,70,63.1,58.9,67.4,63,58.5,67.7,61.5,56.4,66.8,61.3,56.4,66.5,61.9,57.2,66.9,62.2,58,66.7,60.6,56.2,65.3
"6","California","California",58,48.7,67.6,59.2,50.6,68,57.9,49.6,66.4,58.6,50.7,66.8,56.8,49.6,64.3,57.3,49.9,65,56.1,48.3,64.3,55.9,48.2,63.9,56.3,48.8,64.1,57.5,50.2,65.1,56.5,49.4,63.8
"7","California","Colusa County",53.7,42.3,65.5,55,44.2,66.2,54.3,43.6,65.3,54.6,44.6,64.9,54.1,45,63.5,54.5,45.3,64.1,53.2,43.5,63.2,54,44.6,63.8,54.2,44.8,64,55.7,46.4,65.4,54.7,44.5,65.3
"8","California","Contra Costa County",64.4,56.9,72.2,65.4,58.7,72.5,64.3,57.6,71.1,65.3,59.3,71.6,64.4,59.1,69.9,64.1,58.6,69.8,63.2,57.4,69.1,63.4,57.9,69.2,64.4,59.2,69.9,64.6,59.7,69.6,63.4,57.8,69.2
"9","California","Del Norte County",50.5,44.7,56.6,53.3,48.2,58.6,52.3,46.9,57.9,52.2,47.3,57.3,52.7,48.5,57.1,52.9,48.3,57.7,51.8,47.1,56.8,52.9,48.4,57.6,54.4,50.1,58.8,54.7,50.5,59,54.2,49.6,59.1
"10","California","El Dorado County",66.7,60.5,73.2,67.7,62.1,73.5,66.6,61.2,72.3,67.5,62.5,72.6,66.4,62.1,70.8,66.1,61.6,70.8,65.4,60.3,70.6,65.7,60.8,70.8,66,61.5,70.6,66.9,62.8,71.2,65.9,61.5,70.5
"11","California","Fresno County",49.1,39.1,59.5,50.6,41.1,60.5,49.6,40.4,59.1,50.3,41.7,59.3,48.6,40.8,56.7,49,40.7,57.5,47.1,38.3,56.3,47.3,38.3,56.6,45.9,37.1,55,47.5,38.5,56.7,46.2,37.7,55
"12","California","Glenn County",52.5,41.3,64.2,53.9,43.4,64.9,53.1,42.8,63.8,53.4,43.7,63.4,52.4,43.6,61.5,53.5,44.3,63.1,53,43.7,62.5,53.8,44.6,63.3,54,45.5,62.8,54.5,46.2,63.1,54.1,45.1,63.4
"13","California","Humboldt County",59.8,54.1,65.7,61.4,56.4,66.6,60.4,55,65.8,61.6,56.6,66.7,60.6,56.4,64.9,61.7,57,66.5,60.2,55.5,65,61.5,57,66.2,63.2,59.1,67.6,62.9,59,67,62.3,58.1,66.7
"14","California","Imperial County",45.3,30.6,60.6,47.6,33.4,62.3,46.1,32.1,60.7,45.8,32.4,59.7,44.5,31.9,57.7,44,31.3,57.2,42.7,29.5,56.5,42.4,29.1,56.2,43.6,30.3,57.3,44,30.8,57.6,43.9,31.1,57.2
"15","California","Inyo County",60.9,51.5,70.7,61.7,53.1,70.6,60.6,52.4,69.1,61.1,53.5,68.9,59.1,52.3,66.1,59.3,52.3,66.4,57.8,50.5,65.4,57.9,50.9,65.1,57.8,51.3,64.5,59.8,53.4,66.4,58.6,52.5,64.9
"16","California","Kern County",50.1,39.2,61.4,51.5,41.2,62.2,50.1,40.1,60.3,49.7,40.3,59.4,47.8,39.3,56.7,48.9,40,58.2,47,37.7,56.6,46.2,36.9,55.9,47.5,38.1,57.3,47.7,38.5,57.3,46.9,38.4,55.8
"17","California","Kings County",47.8,35.6,60.4,49.9,38.4,61.8,49,38.2,60.2,49.1,39.1,59.6,47.3,38.5,56.5,49.4,40.3,58.8,48.5,39,58.3,48.5,39.5,57.8,48.5,39.8,57.4,50.6,42,59.5,49.2,41.2,57.6
"18","California","Lake County",57.9,48.6,67.6,59.6,51,68.5,58.1,49.6,66.9,58.7,51,66.8,58.7,51.8,65.8,59.1,52,66.4,57.7,50.3,65.4,56.7,50,63.8,58.1,51.4,65,58.5,52.4,64.9,57.3,50.4,64.5
"19","California","Lassen County",56.9,51.3,62.6,58.8,54.2,63.5,56.9,52.5,61.5,57.6,53.6,61.7,57.6,54.5,60.8,57,54,60.1,55.2,52.2,58.2,57,54.1,60,59.1,56.8,61.5,59.3,57.5,61.2,57.8,55.4,60.3
"20","California","Los Angeles County",54.1,43.2,65.5,55.4,45.2,65.9,54,44.3,64.1,54.7,45.3,64.5,52.9,44.1,62,53.6,44.8,62.7,52.5,43.4,62,52.4,43.5,61.5,52.8,44.2,61.6,54.1,45.7,62.9,52.9,45.4,60.7
"21","California","Madera County",50,38.2,62.4,52,40.7,63.8,51.2,40.3,62.6,52.2,41.8,63.1,49.5,40,59.4,51.3,41.2,61.7,49.8,39.3,60.7,49,38.6,59.7,49.3,39.1,59.9,49.9,39.9,60.2,48.6,38.8,58.8
"22","California","Marin County",74.4,69.3,79.6,75.1,70.7,79.6,74.2,69.9,78.6,75.1,71.3,79,73.4,70.2,76.7,73.8,70.5,77.2,72.8,69.2,76.6,73,69.6,76.5,73.2,70.1,76.4,73.9,71,76.8,72.7,69.1,76.5
"23","California","Mariposa County",62.7,55.5,70.2,63.9,57.5,70.5,62.7,56.6,69,63.2,57.7,68.9,61.5,57,66.2,62,57.2,66.9,60.5,55.5,65.8,60.4,55.6,65.4,60.8,56.1,65.7,61.6,57.1,66.2,59.5,55.1,64
"24","California","Mendocino County",60.1,52.9,67.6,61.7,55.2,68.4,60.9,54.3,67.7,61.4,55.4,67.7,60.9,55.7,66.3,61.8,56.3,67.5,60.5,55,66.1,61.7,56.5,67.1,62.3,57.7,67,63.4,59.1,67.9,62.4,57.4,67.6
"25","California","Merced County",50.4,38.3,62.9,51.8,40.4,63.7,51,39.9,62.5,51.3,40.8,62.2,48.8,39.3,58.7,49.3,39.4,59.5,47.3,37,58,46.2,36.2,56.6,47.6,37.5,58,47.3,37.6,57.2,46.5,37.1,56.2
"26","California","Modoc County",56.1,49,63.6,58.1,51.7,64.6,57.2,50.6,64.1,57.1,51.1,63.2,57.2,51.9,62.6,57.9,52.4,63.6,58,53,63.3,58.6,53.5,63.8,59,54.2,64,60.1,55.5,65,60.3,55.4,65.4
"27","California","Mono County",67.3,61.2,73.6,67.8,62.3,73.6,66.3,60.7,72.2,66.9,61.4,72.6,65,60,70.2,64.4,59,70,63.3,57.6,69.2,62.5,57,68.2,63.2,58,68.7,64.3,59.3,69.4,62.4,57.3,67.8
"28","California","Monterey County",55.9,45.9,66.4,57.1,47.7,66.9,56,46.9,65.6,56.6,47.8,65.6,55.7,47.6,64.1,55.6,47.2,64.3,54.3,45.1,63.8,52.5,43.4,61.8,53.3,44.1,62.8,54.5,45.3,64.1,53.2,44.4,62.3
"29","California","Napa County",65.2,57.1,73.5,66.3,58.9,74.1,65.4,57.8,73.2,66.7,59.5,74,64.8,58.4,71.5,65.6,58.9,72.5,64.3,57.2,71.6,65,58.1,72.2,65.4,58.8,72.1,65.9,59.6,72.4,65.2,58.2,72.4
"30","California","Nevada County",68.2,63.3,73.3,69,64.7,73.4,67.8,63.4,72.3,68.8,64.8,73,67.8,64.4,71.3,67.6,64,71.3,66.5,62.5,70.5,66.7,62.7,70.7,66.6,62.9,70.5,67.5,64,71.2,66.6,62.8,70.6
"31","California","Orange County",61.1,52.1,70.5,62.5,54.4,70.9,60.9,53.2,69,61.8,54.3,69.6,59.1,52.1,66.4,59.8,52.7,67.1,58.6,51,66.5,58.3,50.8,66.1,58.7,51.5,66.2,60.2,53.2,67.5,59.3,52.6,66.2
"32","California","Placer County",65.3,58.5,72.4,66.2,60.2,72.4,64.8,58.9,71,65.8,60.5,71.3,64.4,59.9,69.2,64.2,59.3,69.2,63,57.9,68.2,63.1,58.3,68.1,63.3,59,67.7,64.5,60.6,68.5,63.2,58.9,67.7
"33","California","Plumas County",63,55.6,70.7,64.2,57.6,71.1,62.9,56.4,69.7,63.4,57.7,69.4,63.1,58.5,68,63.7,58.8,68.8,62.9,57.7,68.2,63,57.9,68.3,63,58.6,67.5,64.5,60.5,68.6,63.9,59.4,68.6
"34","California","Riverside County",56.5,47.3,66,58.3,49.9,67.1,56.7,48.4,65.3,57.5,49.4,65.8,54.8,47.2,62.6,55.3,47.5,63.4,54,45.4,62.9,53.4,44.7,62.4,53.5,44.9,62.4,55.4,46.9,64.3,54.4,46,63.1
"35","California","Sacramento County",57.9,51.4,64.6,59,53.1,65,57.8,52.1,63.7,59.2,54,64.6,58.7,54.1,63.4,58.8,53.8,63.9,57.6,52.3,63,57.3,52.2,62.5,57.9,53.2,62.8,58.9,54.5,63.5,57.2,52.2,62.4
"36","California","San Benito County",57.3,46,69.1,58.3,47.5,69.4,56.8,46.2,67.7,57.5,47.5,67.7,55.9,46.8,65.4,55.1,45.7,64.8,54.7,44.4,65.3,53.3,42.8,64.1,54.1,43.6,64.9,55.7,45.5,66.3,54.6,44.7,64.9
"37","California","San Bernardino County",52.8,42.3,63.7,54.1,44.2,64.2,52.6,43.2,62.4,53.3,44.1,62.8,51.4,42.8,60.4,52.3,43.3,61.6,50.3,40.8,60.2,49.4,39.9,59.2,50,40.7,59.7,51.3,42.1,60.8,50.4,41.9,59.3
"38","California","San Diego County",62,53,71.3,63.2,55,71.7,61.8,53.8,70.1,62.2,54.5,70.1,59.6,52.4,67,60.2,53.2,67.6,58.8,51.3,66.6,58.7,51.1,66.6,59.1,51.7,66.7,60.9,53.5,68.5,60.5,53.6,67.7
"39","California","San Francisco County",63.5,56.9,70.3,64.7,58.7,70.9,64.2,58.4,70.2,65.5,60.1,71.1,64.7,60,69.5,65.6,60.5,70.8,64.9,59.3,70.6,65.3,59.8,71,66.1,60.6,71.8,67.3,62,72.8,65.7,59.9,71.8
"40","California","San Joaquin County",54.3,46.3,62.6,55.5,47.9,63.3,54.4,46.8,62.2,55.3,48,62.8,54,47.2,60.9,53.9,46.6,61.5,52,44,60.3,52.4,44.1,61,51.8,43.4,60.5,53.3,44.9,62,51.9,43.2,61
"41","California","San Luis Obispo County",65.3,59.5,71.3,66.4,61.2,71.8,65.2,60.1,70.5,64.6,59.8,69.7,63,58.7,67.5,63.6,59,68.4,62.5,57.3,67.9,62.4,57.2,67.8,62.9,57.6,68.4,64,58.6,69.6,63.3,58.6,68.1
"42","California","San Mateo County",64.7,57.4,72.2,65.6,59,72.5,64.6,58.1,71.3,65.5,59.4,71.8,64.1,58.6,69.7,64.4,58.5,70.6,63.3,56.9,70,63.1,56.6,69.8,64.3,58.1,70.7,65.1,59.2,71.2,63.8,57.7,70.2
"43","California","Santa Barbara County",63.1,54.7,71.8,64.3,56.5,72.3,62.9,55.3,70.8,63.5,56,71.2,60.3,53.3,67.5,61.8,54.4,69.5,60.4,52.2,68.9,59.7,51.4,68.3,59.4,51.1,67.9,61.6,53.2,70.4,60.1,52.2,68.3
"44","California","Santa Clara County",60.1,50.4,70.2,61,52.1,70.2,60.1,51.7,68.8,61.2,53.5,69.2,59.5,52.6,66.6,59.6,52.4,67,59,51.4,66.9,58.3,50.7,66.2,58.7,51.5,66.2,59.9,53.3,66.8,58.7,51.7,65.9
"45","California","Santa Cruz County",67.9,62.7,73.2,68.5,63.7,73.5,67.5,62.7,72.5,67.9,63.4,72.6,66.3,62.3,70.5,66.6,62,71.4,64.2,58.8,69.8,63.9,58.2,69.7,64.3,58.6,70.3,64.7,58.9,70.7,63.8,58.1,69.7
"46","California","Shasta County",59.3,52.1,66.8,60.2,53.7,66.9,58.3,51.7,65.2,59.1,52.9,65.5,57,51.8,62.5,58.2,52.5,64.1,55.6,49.6,61.7,56.7,50.7,62.8,56.3,50.7,62.1,56.7,51.5,62.1,56.9,51.2,62.8
"47","California","Sierra County",55,47.2,63.1,58,50.8,65.4,57.4,50.2,64.8,59.2,53.2,65.5,59.2,54.3,64.2,60.9,55.7,66.2,60,54.5,65.8,60.2,54.3,66.3,61.6,57.1,66.4,61.5,57.4,65.8,60.6,55.9,65.4
"48","California","Siskiyou County",58,50.9,65.3,59.3,53,65.9,57.9,51.3,64.8,58.3,52.2,64.6,58,52.7,63.5,58.5,52.9,64.3,58.5,52.8,64.4,59.5,53.8,65.5,58.3,52.7,64.1,58,52.8,63.4,58.5,53,64.2
"49","California","Solano County",59.8,51.3,68.6,60.9,53.1,69,59.6,52,67.4,60.5,53.6,67.7,59,53,65.2,59.3,53.1,65.7,58.8,52.3,65.5,58.6,52.6,64.9,58.9,53.1,64.8,59.4,54.1,65,58,51.9,64.3
"50","California","Sonoma County",68.1,62.2,74.3,68.8,63.5,74.3,67.8,62.5,73.3,68.7,63.8,73.8,67.6,63.4,71.9,67.9,63.6,72.5,66.8,62.1,71.6,67.5,63.1,72.2,67.3,63.2,71.5,68.6,64.7,72.6,67.3,62.7,72.2
"51","California","Stanislaus County",52,42.5,61.9,53.4,44.4,62.8,52.6,43.7,61.7,53.6,45.1,62.4,52.3,44.6,60.4,52.9,44.6,61.5,51.9,42.9,61.2,51.2,42.3,60.4,51.3,42.5,60.4,51.1,42.6,59.9,50.5,41.9,59.3
"52","California","Sutter County",52.9,44.2,61.9,54.5,46.5,62.8,53.6,45.7,61.9,55.2,47.7,63,53.9,47.3,60.7,54.4,47.3,61.6,52,44.4,60,52.6,44.7,60.8,52.6,44.7,60.8,54.3,46.5,62.4,52.4,43.9,61.1
"53","California","Tehama County",55.7,48.6,63,57.8,51.3,64.5,56.7,50.1,63.5,56.8,50.7,63.1,56.3,50.9,61.8,56,50.3,61.9,56.6,50.3,63,56.2,49.8,62.8,56.8,50.5,63.2,58.4,52.3,64.7,57.1,50.4,64.1
"54","California","Trinity County",58.4,51.5,65.6,60.7,54.8,66.9,59.6,53.5,65.9,60.5,55.1,66.2,59.8,55.4,64.4,60.5,55.9,65.2,59,53.9,64.4,60.5,55.3,66,62,57.4,66.8,61.9,57.8,66.3,61.8,57.5,66.4
"55","California","Tulare County",46.7,33.8,60.1,48.6,36.2,61.4,47.6,35.7,59.9,48,36.7,59.6,47,36.7,57.7,46.7,36.2,57.5,46.7,35.7,58.1,46.4,35.6,57.5,46.7,36.1,57.6,47.6,37.1,58.5,45.5,35.4,56
"56","California","Tuolumne County",61.8,55.7,68,62.9,57.5,68.4,61.2,56.1,66.5,61.9,57.3,66.6,60.8,57,64.7,60.1,56,64.2,58.8,54.5,63.4,58.3,54.1,62.7,58.5,54.5,62.7,59,55.5,62.7,58.3,54.9,61.9
"57","California","Ventura County",62.4,53.3,71.8,63.4,55.1,72,62,54,70.3,62.4,54.6,70.4,60.6,53.4,68.2,60.9,53.4,68.6,60,52,68.3,59.2,51.1,67.6,59.9,52.1,68,61.1,53.5,69,60,53.3,66.9
"58","California","Yolo County",62.9,53.4,72.8,64.1,55.4,73.1,63.3,54.7,72.3,63.2,55.2,71.6,61.8,54.6,69.3,62.9,55.5,70.6,62.5,54.8,70.4,62.7,55.4,70.3,63.4,56.5,70.5,62.7,56.2,69.5,62.4,55.2,69.8
"59","California","Yuba County",52.6,43.1,62.5,54.6,45.6,63.9,54.2,45.2,63.5,55,46.5,63.9,53.5,45.8,61.6,53.6,45.5,62,54,45.1,63.2,53.6,44.9,62.6,54.4,46,63.1,56.2,48,64.7,54.4,45.7,63.4
